survived,pclass,sex,age,sibsp,parch,fare,embarked,class,who,adult_male,embark_town,alive,alone
1,2,male,58.24726115793269,1,0,14.4226,S,Second,man,True,Southampton,yes,False
0,1,female,27.02568386025462,1,0,12.6737,S,First,woman,False,Southampton,no,False
1,3,female,52.18369780593332,0,0,20.5981,S,Third,woman,False,Southampton,yes,True
0,3,male,38.14017980553733,0,0,14.1496,S,Third,man,True,Southampton,no,True
0,3,male,25.49887947809641,0,0,73.44,Q,Third,man,True,Queenstown,no,True
1,3,female,32.15576779729287,0,0,12.1782,S,Third,woman,False,Southampton,yes,True
1,3,male,,0,0,36.9656,C,Third,man,False,Cherbourg,yes,True
1,3,female,21.179443111501076,0,0,4.2295,S,Third,woman,False,Southampton,yes,True
0,1,male,8.443094056465611,1,0,20.2696,S,First,child,False,Southampton,no,False
1,3,male,12.667081229157588,3,0,19.4231,S,Third,child,False,Southampton,yes,False
0,3,male,27.170024462251753,0,0,25.1956,S,Third,man,True,Southampton,no,True
0,2,male,24.063124437331695,0,0,13.4399,S,Second,man,True,Southampton,no,True
0,3,female,28.533031141362038,0,0,10.1371,S,Third,woman,False,Southampton,no,True
1,3,female,18.643561002607566,0,0,6.6234,S,Third,woman,False,Southampton,yes,True
1,3,female,,0,1,17.2056,C,Third,woman,False,Cherbourg,yes,False
0,1,male,,1,0,4.2535,S,First,man,False,Southampton,no,False
0,3,male,25.909885516229934,1,2,7.379,Q,Third,man,True,Queenstown,no,False
0,1,male,80.0,0,0,6.5458,C,First,man,True,Cherbourg,no,True
0,3,female,,0,1,15.9285,S,Third,woman,False,Southampton,no,False
0,3,male,16.637495109595186,3,0,42.4815,S,Third,man,True,Southampton,no,False
1,3,female,14.577572830866416,1,2,16.4797,S,Third,child,False,Southampton,yes,False
1,3,female,,0,2,5.1164,S,Third,woman,False,Southampton,yes,False
1,3,male,23.53487882295819,0,0,29.6856,S,Third,man,True,Southampton,yes,True
0,2,female,67.59790128560915,1,0,32.404,Q,Second,woman,False,Queenstown,no,False
0,3,female,14.888142215075295,0,0,100.6252,S,Third,child,False,Southampton,no,True
0,3,female,46.74958825500436,0,0,18.484,C,Third,woman,False,Cherbourg,no,True
1,1,female,58.08967823158228,0,1,35.4745,S,First,woman,False,Southampton,yes,False
0,1,female,37.621098630842894,1,0,62.3045,S,First,woman,False,Southampton,no,False
1,3,male,20.161674049620597,0,1,19.2813,C,Third,man,True,Cherbourg,yes,False
0,2,male,,0,0,2.5686,S,Second,man,False,Southampton,no,True
0,3,male,13.599742579797677,1,0,30.1329,C,Third,child,False,Cherbourg,no,False
0,2,male,32.9020617101891,2,2,16.8244,S,Second,man,True,Southampton,no,False
1,1,female,11.792698065237255,1,0,36.1375,C,First,child,False,Cherbourg,yes,False
1,3,male,70.51530769895805,0,0,13.6096,C,Third,man,True,Cherbourg,yes,True
0,3,male,,0,0,34.929,S,Third,man,False,Southampton,no,True
0,3,male,19.030524547315814,0,1,8.1664,C,Third,man,True,Cherbourg,no,False
0,3,female,25.81039595946724,0,0,5.9317,S,Third,woman,False,Southampton,no,True
1,3,female,64.37003321316507,1,1,32.4595,S,Third,woman,False,Southampton,yes,False
0,3,male,,1,0,11.032,S,Third,man,False,Southampton,no,False
0,1,female,44.64625607338897,0,0,33.0011,S,First,woman,False,Southampton,no,True
0,2,male,33.69052150010782,0,0,15.9479,S,Second,man,True,Southampton,no,True
1,1,female,,0,0,69.6355,C,First,woman,False,Cherbourg,yes,True
0,1,female,,0,0,41.8816,S,First,woman,False,Southampton,no,True
1,1,female,24.985767490472956,0,0,6.7673,Q,First,woman,False,Queenstown,yes,True
0,1,female,,0,0,35.4043,Q,First,woman,False,Queenstown,no,True
0,3,male,1.388009035857244,0,0,20.2975,C,Third,child,False,Cherbourg,no,True
0,2,male,5.0298397091322755,1,0,17.5501,C,Second,child,False,Cherbourg,no,False
0,1,male,27.39498000478328,0,0,20.1529,C,First,man,True,Cherbourg,no,True
1,3,male,54.226755370866044,0,0,12.3129,S,Third,man,True,Southampton,yes,True
0,2,male,48.17758612663434,1,0,12.5166,S,Second,man,True,Southampton,no,False
0,2,male,11.358899212368236,0,0,13.2472,S,Second,child,False,Southampton,no,True
0,2,male,34.296659078597294,0,1,6.2374,S,Second,man,True,Southampton,no,False
1,2,male,59.42349579911881,0,0,28.8354,S,Second,man,True,Southampton,yes,True
0,2,male,,1,1,20.5365,S,Second,man,False,Southampton,no,False
0,2,female,7.104401422095262,1,0,30.6774,S,Second,child,False,Southampton,no,False
0,3,male,25.251653726833236,1,0,26.1836,Q,Third,man,True,Queenstown,no,False
1,1,female,,0,0,28.791,S,First,woman,False,Southampton,yes,True
0,1,male,28.46864021877594,1,0,14.7829,S,First,man,True,Southampton,no,False
1,3,male,26.869337086977655,0,0,28.0428,S,Third,man,True,Southampton,yes,True
0,2,male,22.17771199576142,0,0,28.2557,S,Second,man,True,Southampton,no,True
0,2,male,46.132427125475374,4,2,16.6252,S,Second,man,True,Southampton,no,False
0,3,male,32.46539921580111,0,0,43.1828,S,Third,man,True,Southampton,no,True
0,3,female,19.874045073891054,1,0,14.9621,Q,Third,woman,False,Queenstown,no,False
1,3,male,,1,0,76.4723,S,Third,man,False,Southampton,yes,False
0,1,male,78.91875854651808,0,0,27.392,S,First,man,True,Southampton,no,True
0,3,male,,0,0,14.031,S,Third,man,False,Southampton,no,True
1,2,female,11.103533590063675,0,0,18.619,Q,Second,child,False,Queenstown,yes,True
0,1,male,4.141755076527059,1,0,60.0604,S,First,child,False,Southampton,no,False
0,3,female,7.7681369554883215,0,0,48.385,S,Third,child,False,Southampton,no,True
1,3,male,,1,0,2.4569,C,Third,man,False,Cherbourg,yes,False
0,1,male,45.21648034532073,0,0,39.8761,S,First,man,True,Southampton,no,True
1,3,male,66.58773294862527,1,0,12.5096,S,Third,man,True,Southampton,yes,False
0,3,female,21.474238525663935,0,0,13.5552,S,Third,woman,False,Southampton,no,True
0,2,female,23.15051789733105,0,0,18.9725,S,Second,woman,False,Southampton,no,True
0,3,male,35.20504348737803,1,0,15.545,S,Third,man,True,Southampton,no,False
1,2,male,22.644639704586965,0,1,12.2623,S,Second,man,True,Southampton,yes,False
0,2,male,28.849932369320356,0,0,12.0558,C,Second,man,True,Cherbourg,no,True
0,2,male,32.47023656977505,0,0,3.5177,S,Second,man,True,Southampton,no,True
1,3,male,,0,2,13.33,S,Third,man,False,Southampton,yes,False
0,2,female,,0,0,35.2978,Q,Second,woman,False,Queenstown,no,True
1,3,female,23.876388155024408,1,0,28.8395,Q,Third,woman,False,Queenstown,yes,False
0,3,male,46.56867465270639,1,0,12.8856,Q,Third,man,True,Queenstown,no,False
0,3,female,,0,1,3.6549,S,Third,woman,False,Southampton,no,False
0,1,female,18.513056370079628,0,0,25.818,S,First,woman,False,Southampton,no,True
0,1,male,,0,0,7.5655,C,First,man,False,Cherbourg,no,True
1,2,male,,0,0,20.0704,S,Second,man,False,Southampton,yes,True
1,3,female,,0,0,7.0408,S,Third,woman,False,Southampton,yes,True
0,3,male,15.759988260963995,0,0,5.5018,S,Third,child,False,Southampton,no,True
1,3,male,4.245873064476887,0,0,12.5552,S,Third,child,False,Southampton,yes,True
0,3,female,26.039868274759463,0,1,18.2329,S,Third,woman,False,Southampton,no,False
1,1,male,80.0,1,1,17.4745,C,First,man,True,Cherbourg,yes,False
1,3,female,42.45509565526653,0,0,26.3706,S,Third,woman,False,Southampton,yes,True
0,1,male,25.065604365168994,0,0,16.2603,S,First,man,True,Southampton,no,True
0,1,male,30.931289698009607,0,0,39.7326,S,First,man,True,Southampton,no,True
1,3,male,22.235275545508824,3,0,7.287,S,Third,man,True,Southampton,yes,False
0,3,male,9.507569146279454,1,0,18.4455,Q,Third,child,False,Queenstown,no,False
1,1,male,23.828361923254025,0,0,62.5724,Q,First,man,True,Queenstown,yes,True
0,2,male,20.858558624563983,0,0,61.1173,S,Second,man,True,Southampton,no,True
0,1,female,20.416432350170396,1,0,16.8289,Q,First,woman,False,Queenstown,no,False
0,3,male,17.35660844565402,0,1,34.9624,S,Third,man,True,Southampton,no,False
0,2,male,20.646671471869155,8,0,21.72,S,Second,man,True,Southampton,no,False
0,3,male,10.230248632138146,0,1,12.4168,C,Third,child,False,Cherbourg,no,False
0,2,male,13.194213956726411,0,1,7.1891,C,Second,child,False,Cherbourg,no,False
0,3,male,45.739952475645644,1,0,52.1881,S,Third,man,True,Southampton,no,False
1,1,male,46.52878417596912,0,0,20.5444,S,First,man,True,Southampton,yes,True
0,2,female,,8,0,16.1311,S,Second,woman,False,Southampton,no,False
1,3,male,6.9834268839597335,1,1,3.0326,S,Third,child,False,Southampton,yes,False
0,3,female,7.389164761823476,0,0,47.3384,S,Third,child,False,Southampton,no,True
1,2,male,,0,1,23.5855,S,Second,man,False,Southampton,yes,False
1,3,female,23.86796850857669,1,0,38.7279,C,Third,woman,False,Cherbourg,yes,False
0,3,male,42.298985313890405,0,0,13.7561,S,Third,man,True,Southampton,no,True
1,2,female,,0,3,21.4616,S,Second,woman,False,Southampton,yes,False
0,1,male,,0,0,25.3769,C,First,man,False,Cherbourg,no,True
0,2,male,9.28825528992928,0,2,40.6052,S,Second,child,False,Southampton,no,False
1,3,male,13.646422515554121,1,0,15.0836,C,Third,child,False,Cherbourg,yes,False
0,1,female,28.971317744619498,0,0,16.4299,Q,First,woman,False,Queenstown,no,True
0,2,female,,0,0,12.1115,Q,Second,woman,False,Queenstown,no,True
0,3,male,70.85514897383158,1,2,95.3949,S,Third,man,True,Southampton,no,False
1,3,male,26.09848866359405,0,1,31.6155,S,Third,man,True,Southampton,yes,False
1,2,female,23.447073912126957,0,1,18.7478,S,Second,woman,False,Southampton,yes,False
0,1,female,36.01473675074616,1,0,12.476,C,First,woman,False,Cherbourg,no,False
1,3,male,,0,0,49.9115,Q,Third,man,False,Queenstown,yes,True
1,2,female,20.243663904555007,0,0,15.83,S,Second,woman,False,Southampton,yes,True
1,1,male,28.571002175231463,0,0,22.2705,S,First,man,True,Southampton,yes,True
0,3,male,25.608037648153914,1,0,7.9187,C,Third,man,True,Cherbourg,no,False
1,3,male,10.82793361940045,0,1,33.3426,S,Third,child,False,Southampton,yes,False
1,3,female,22.73148328414176,0,0,28.8472,S,Third,woman,False,Southampton,yes,True
0,1,male,10.070810186630592,0,0,14.2705,Q,First,child,False,Queenstown,no,True
1,3,male,18.571961850984064,1,1,20.2364,S,Third,man,True,Southampton,yes,False
0,1,male,10.212475319612988,0,2,36.5475,S,First,child,False,Southampton,no,False
0,2,male,5.0164519715181495,1,0,7.265,S,Second,child,False,Southampton,no,False
1,3,male,,0,1,8.4866,C,Third,man,False,Cherbourg,yes,False
1,3,male,20.594146990177975,0,0,15.2436,S,Third,man,True,Southampton,yes,True
0,1,female,,1,0,27.5637,S,First,woman,False,Southampton,no,False
0,1,male,,0,0,44.0095,S,First,man,False,Southampton,no,True
1,2,male,,0,0,14.4978,S,Second,man,False,Southampton,yes,True
1,3,female,,0,0,13.7437,S,Third,woman,False,Southampton,yes,True
0,3,female,15.840502793573547,0,0,15.951,S,Third,child,False,Southampton,no,True
1,1,male,2.535682721398515,0,1,29.0127,S,First,child,False,Southampton,yes,False
1,2,male,38.25848408006653,4,0,6.5391,C,Second,man,True,Cherbourg,yes,False
0,2,female,,1,0,13.0892,C,Second,woman,False,Cherbourg,no,False
1,1,male,14.620360684182629,0,0,8.3471,C,First,child,False,Cherbourg,yes,True
0,3,male,9.608680674089298,1,0,13.745,C,Third,child,False,Cherbourg,no,False
1,3,male,9.426338700096439,0,0,20.9329,S,Third,child,False,Southampton,yes,True
0,1,female,,0,0,11.2035,C,First,woman,False,Cherbourg,no,True
0,1,male,,0,1,31.5171,C,First,man,False,Cherbourg,no,False
1,1,female,35.72062587741382,0,0,2.8446,S,First,woman,False,Southampton,yes,True
1,3,male,17.320143910164873,0,0,3.0931,S,Third,man,True,Southampton,yes,True
1,2,female,43.183594181627356,1,0,5.1018,S,Second,woman,False,Southampton,yes,False
1,3,male,,1,0,9.5492,S,Third,man,False,Southampton,yes,False
0,2,male,,0,0,22.2475,S,Second,man,False,Southampton,no,True
1,1,male,24.516518013027067,0,0,3.1585,S,First,man,True,Southampton,yes,True
0,3,male,69.0378743097458,0,0,8.8071,C,Third,man,True,Cherbourg,no,True
0,1,male,13.366348374724133,2,0,12.1036,C,First,child,False,Cherbourg,no,False
0,3,female,15.131625485379914,0,1,26.692,S,Third,child,False,Southampton,no,False
1,3,female,29.461292727893202,0,0,16.1573,S,Third,woman,False,Southampton,yes,True
1,3,male,19.956234208889462,1,0,6.4773,S,Third,man,True,Southampton,yes,False
1,1,male,54.79830361487039,0,0,10.0412,C,First,man,True,Cherbourg,yes,True
0,3,male,,0,0,15.0008,S,Third,man,False,Southampton,no,True
0,1,female,32.74414563944269,0,0,24.4898,S,First,woman,False,Southampton,no,True
0,3,male,42.16994121953096,0,0,9.0131,S,Third,man,True,Southampton,no,True
0,3,female,32.80863347522871,0,0,32.2557,S,Third,woman,False,Southampton,no,True
0,2,male,38.18356846456565,0,0,3.0306,Q,Second,man,True,Queenstown,no,True
1,2,male,,0,0,12.5617,S,Second,man,False,Southampton,yes,True
1,3,male,,0,0,26.7267,Q,Third,man,False,Queenstown,yes,True
0,3,male,38.278465023463994,0,0,38.7988,S,Third,man,True,Southampton,no,True
0,3,female,42.66387578271673,0,0,22.4623,C,Third,woman,False,Cherbourg,no,True
1,3,female,30.28474187866123,0,0,21.7534,S,Third,woman,False,Southampton,yes,True
1,3,female,49.3374210023058,1,0,20.8856,S,Third,woman,False,Southampton,yes,False
1,3,female,36.72207724836468,0,2,11.545,S,Third,woman,False,Southampton,yes,False
0,1,male,33.38053740697801,0,1,14.544,S,First,man,True,Southampton,no,False
0,1,male,32.44125583900763,0,2,22.4802,S,First,man,True,Southampton,no,False
1,3,female,23.60168048130022,0,0,34.6982,S,Third,woman,False,Southampton,yes,True
0,2,female,51.403773171648766,0,0,15.6702,C,Second,woman,False,Cherbourg,no,True
1,3,female,13.034780876735823,1,0,20.9798,S,Third,child,False,Southampton,yes,False
0,1,male,25.371752381517283,0,0,13.9085,S,First,man,True,Southampton,no,True
0,3,male,31.120779336818675,1,0,17.3478,Q,Third,man,True,Queenstown,no,False
1,2,male,30.64784840270049,0,0,4.5677,S,Second,man,True,Southampton,yes,True
0,3,female,16.083032678286717,0,0,21.2527,S,Third,woman,False,Southampton,no,True
1,3,female,14.641124643961877,1,0,42.2772,C,Third,child,False,Cherbourg,yes,False
0,1,male,4.136866516386041,0,0,37.533,Q,First,child,False,Queenstown,no,True
1,3,male,8.940168261515243,0,0,10.0963,S,Third,child,False,Southampton,yes,True
0,3,male,5.540257894345429,0,2,9.0258,C,Third,child,False,Cherbourg,no,False
0,3,male,18.952267178375756,0,0,18.6293,S,Third,man,True,Southampton,no,True
0,2,male,23.425442357853292,0,0,5.0331,S,Second,man,True,Southampton,no,True
1,1,female,17.00671331512709,1,2,33.4099,S,First,woman,False,Southampton,yes,False
1,1,female,30.415614817145116,0,0,10.8205,S,First,woman,False,Southampton,yes,True
0,1,female,39.96357777271337,2,1,33.3188,S,First,woman,False,Southampton,no,False
0,1,male,,0,0,10.2956,C,First,man,False,Cherbourg,no,True
1,1,male,,0,0,17.6559,S,First,man,False,Southampton,yes,True
1,3,female,24.24077361923379,0,2,49.0035,S,Third,woman,False,Southampton,yes,False
1,3,male,,0,0,26.3951,S,Third,man,False,Southampton,yes,True
1,3,female,5.3731651634605635,0,0,20.6867,C,Third,child,False,Cherbourg,yes,True
0,3,female,62.20739819900743,0,0,24.4105,S,Third,woman,False,Southampton,no,True
0,3,male,,3,0,7.1398,C,Third,man,False,Cherbourg,no,False
0,3,male,53.249487597191354,1,1,45.165,Q,Third,man,True,Queenstown,no,False
1,1,male,16.78350726877008,1,0,35.4379,S,First,man,True,Southampton,yes,False
0,1,male,,0,0,17.8874,C,First,man,False,Cherbourg,no,True
0,3,male,,2,1,21.5787,S,Third,man,False,Southampton,no,False
1,3,female,41.079628706078424,0,0,23.5255,Q,Third,woman,False,Queenstown,yes,True
0,3,female,9.301325789596751,1,1,41.125,S,Third,child,False,Southampton,no,False
1,3,male,80.0,0,0,39.6556,S,Third,man,True,Southampton,yes,True
1,2,male,,0,0,3.5298,S,Second,man,False,Southampton,yes,True
1,3,male,35.52181707494376,8,0,11.7285,S,Third,man,True,Southampton,yes,False
0,3,male,15.764706857291861,0,2,24.6557,S,Third,child,False,Southampton,no,False
0,3,male,24.073022285656354,1,0,33.7909,C,Third,man,True,Cherbourg,no,False
1,3,female,13.724528803763649,0,0,10.8668,S,Third,child,False,Southampton,yes,True
0,3,male,15.910636796320283,0,0,28.0731,S,Third,child,False,Southampton,no,True
0,1,male,49.87053138380374,1,0,22.8226,S,First,man,True,Southampton,no,False
1,2,male,43.07500017518705,0,0,26.3586,C,Second,man,True,Cherbourg,yes,True
0,2,male,11.126066108450088,1,0,11.1252,C,Second,child,False,Cherbourg,no,False
1,3,male,19.82003436683769,0,0,17.2398,C,Third,man,True,Cherbourg,yes,True
1,1,male,31.671399884073885,0,0,27.3547,Q,First,man,True,Queenstown,yes,True
0,1,male,21.22967543299702,0,0,26.4074,S,First,man,True,Southampton,no,True
0,2,female,21.726701157094848,0,0,24.7193,C,Second,woman,False,Cherbourg,no,True
0,3,female,33.290618714472764,1,2,6.3947,S,Third,woman,False,Southampton,no,False
0,3,female,,0,0,15.3227,C,Third,woman,False,Cherbourg,no,True
1,3,male,26.23763666216227,0,0,9.8996,S,Third,man,True,Southampton,yes,True
0,2,male,13.451279352554499,1,0,26.8278,Q,Second,child,False,Queenstown,no,False
0,1,male,,0,1,53.3041,S,First,man,False,Southampton,no,False
1,1,female,,1,0,21.6063,S,First,woman,False,Southampton,yes,False
0,3,male,26.920243109580497,3,2,40.9081,S,Third,man,True,Southampton,no,False
0,3,male,44.92193846276402,0,0,4.4894,S,Third,man,True,Southampton,no,True
1,3,male,26.885789800284805,0,1,21.4959,S,Third,man,True,Southampton,yes,False
0,2,female,,0,0,18.9378,S,Second,woman,False,Southampton,no,True
1,3,female,35.36097259137029,1,0,8.1073,Q,Third,woman,False,Queenstown,yes,False
1,3,male,9.530439244179497,0,0,12.0967,S,Third,child,False,Southampton,yes,True
1,1,female,21.579654522192296,1,1,18.3472,S,First,woman,False,Southampton,yes,False
1,2,male,66.7448511557557,0,0,19.0435,C,Second,man,True,Cherbourg,yes,True
0,3,male,39.19309443592964,1,0,79.3999,S,Third,man,True,Southampton,no,False
1,3,male,29.411696916460212,1,0,13.9113,C,Third,man,True,Cherbourg,yes,False
1,3,male,,3,6,52.3319,S,Third,man,False,Southampton,yes,False
0,3,male,9.734338337436455,0,0,7.4828,S,Third,child,False,Southampton,no,True
0,1,female,11.666522161993571,0,0,62.2845,S,First,child,False,Southampton,no,True
1,3,female,10.365675953787143,0,0,27.6916,S,Third,child,False,Southampton,yes,True
0,2,male,33.5477925985784,0,0,11.4291,C,Second,man,True,Cherbourg,no,True
1,3,male,66.84570429246747,0,0,10.7166,S,Third,man,True,Southampton,yes,True
1,3,male,37.15590084813295,3,0,19.5083,Q,Third,man,True,Queenstown,yes,False
0,3,male,23.234131417942436,1,1,6.333,S,Third,man,True,Southampton,no,False
0,3,female,29.504293765107246,0,1,19.2709,C,Third,woman,False,Cherbourg,no,False
0,3,male,10.559807345341811,1,0,56.4632,Q,Third,child,False,Queenstown,no,False
0,3,male,,0,0,7.6331,S,Third,man,False,Southampton,no,True
0,2,male,10.616439074011588,0,0,34.4384,C,Second,child,False,Cherbourg,no,True
1,2,male,8.43710244419421,1,0,36.9571,S,Second,child,False,Southampton,yes,False
1,3,male,11.997003496850617,4,0,4.7286,S,Third,child,False,Southampton,yes,False
1,3,female,30.135619215244127,0,0,13.0796,C,Third,woman,False,Cherbourg,yes,True
1,2,female,30.162969577934113,1,2,42.4363,S,Second,woman,False,Southampton,yes,False
0,1,male,,1,0,8.6665,S,First,man,False,Southampton,no,False
1,2,female,9.641830456667094,0,0,33.8596,S,Second,child,False,Southampton,yes,True
0,3,female,,0,0,8.4341,C,Third,woman,False,Cherbourg,no,True
0,3,male,76.58847962420603,1,2,8.0952,Q,Third,man,True,Queenstown,no,False
0,3,male,23.432198843309312,1,0,40.3413,C,Third,man,True,Cherbourg,no,False
0,3,male,,0,0,11.9715,S,Third,man,False,Southampton,no,True
0,3,male,16.59316470179627,0,1,10.6305,C,Third,man,True,Cherbourg,no,False
0,2,female,51.43780598010909,0,0,7.6439,C,Second,woman,False,Cherbourg,no,True
0,3,male,35.98604529307896,1,0,3.5657,S,Third,man,True,Southampton,no,False
1,3,male,29.30218012940859,0,0,14.3892,S,Third,man,True,Southampton,yes,True
0,3,male,31.06031798596338,0,1,57.3301,C,Third,man,True,Cherbourg,no,False
1,1,male,,1,0,7.9844,C,First,man,False,Cherbourg,yes,False
0,1,male,32.64228573385121,0,4,36.8413,S,First,man,True,Southampton,no,False
0,1,female,14.165019907290803,1,2,11.9749,Q,First,child,False,Queenstown,no,False
0,3,male,,2,0,31.5781,S,Third,man,False,Southampton,no,False
0,1,male,42.102093111802986,1,0,11.8948,Q,First,man,True,Queenstown,no,False
1,3,male,16.74945365358006,3,1,47.2697,S,Third,man,True,Southampton,yes,False
0,3,female,13.630419642649258,3,0,11.6494,S,Third,child,False,Southampton,no,False
0,2,male,,0,0,13.2646,S,Second,man,False,Southampton,no,True
0,3,male,8.85624221831993,1,0,17.6596,C,Third,child,False,Cherbourg,no,False
0,3,male,,1,0,51.6817,S,Third,man,False,Southampton,no,False
1,3,male,34.96566833202172,0,1,20.2267,C,Third,man,True,Cherbourg,yes,False
0,1,male,9.421232171711763,0,2,47.1803,S,First,child,False,Southampton,no,False
0,2,male,,0,0,41.2254,C,Second,man,False,Cherbourg,no,True
0,3,female,35.91116069651949,0,0,52.9213,S,Third,woman,False,Southampton,no,True
0,1,male,21.131609830941862,0,2,47.082,S,First,man,True,Southampton,no,False
0,3,male,,0,2,16.1014,S,Third,man,False,Southampton,no,False
0,3,female,,2,0,60.4402,S,Third,woman,False,Southampton,no,False
0,3,male,31.981922661009516,0,0,25.0383,C,Third,man,True,Cherbourg,no,True
1,2,male,26.930097026837124,0,0,24.9194,S,Second,man,True,Southampton,yes,True
1,2,male,30.92612705998873,0,0,12.8845,S,Second,man,True,Southampton,yes,True
0,3,female,26.610211838956168,0,0,4.5856,S,Third,woman,False,Southampton,no,True
0,3,female,27.035816098335907,1,4,4.5936,S,Third,woman,False,Southampton,no,False
0,3,male,30.839564192969647,0,2,8.8218,S,Third,man,True,Southampton,no,False
1,2,male,,0,0,25.9588,S,Second,man,False,Southampton,yes,True
0,3,female,10.680836865377861,1,0,29.0722,S,Third,child,False,Southampton,no,False
1,2,male,44.39341933566385,0,0,9.5755,S,Second,man,True,Southampton,yes,True
0,1,female,,1,0,2.6307,S,First,woman,False,Southampton,no,False
0,2,male,27.865401394601527,0,0,20.8219,S,Second,man,True,Southampton,no,True
1,2,female,48.39420565364158,0,1,10.5198,S,Second,woman,False,Southampton,yes,False
0,2,female,38.91743359824318,0,0,16.8724,C,Second,woman,False,Cherbourg,no,True
0,1,male,25.782290969169082,0,0,27.7519,C,First,man,True,Cherbourg,no,True
0,1,male,25.89779579208645,0,0,57.3091,S,First,man,True,Southampton,no,True
0,3,male,51.4118452987885,0,0,14.9826,S,Third,man,True,Southampton,no,True
1,3,male,34.891702484546094,1,1,21.1013,S,Third,man,True,Southampton,yes,False
1,1,female,54.072133818929096,1,1,2.3224,C,First,woman,False,Cherbourg,yes,False
0,3,male,9.812453924835506,0,0,27.695,S,Third,child,False,Southampton,no,True
0,2,female,,0,1,68.259,C,Second,woman,False,Cherbourg,no,False
0,1,male,11.824995149024712,2,0,37.3584,S,First,child,False,Southampton,no,False
1,1,female,,0,0,41.575,S,First,woman,False,Southampton,yes,True
0,3,male,,0,0,4.0393,S,Third,man,False,Southampton,no,True
0,1,female,,0,0,27.7129,S,First,woman,False,Southampton,no,True
0,1,male,47.97591816276706,1,0,18.5135,S,First,man,True,Southampton,no,False
0,3,male,,0,0,0.9706,S,Third,man,False,Southampton,no,True
1,3,male,60.22957784318463,2,0,27.618,C,Third,man,True,Cherbourg,yes,False
1,3,male,,0,0,10.3067,Q,Third,man,False,Queenstown,yes,True
0,3,male,23.310982713399003,0,2,7.0992,S,Third,man,True,Southampton,no,False
1,3,male,23.206103551705404,0,0,17.6834,S,Third,man,True,Southampton,yes,True
0,1,female,19.50073291071256,0,2,9.4116,Q,First,woman,False,Queenstown,no,False
0,1,male,33.06949336636295,0,0,16.3493,S,First,man,True,Southampton,no,True
0,3,female,7.894361505787027,2,0,51.1248,S,Third,child,False,Southampton,no,False
0,3,male,5.608403612376227,0,0,13.8244,S,Third,child,False,Southampton,no,True
1,3,male,53.89702109942466,1,0,31.3112,S,Third,man,True,Southampton,yes,False
1,1,male,44.94549240879525,0,0,6.1681,C,First,man,True,Cherbourg,yes,True
0,1,female,9.343412140551555,0,0,30.3919,S,First,child,False,Southampton,no,True
0,1,male,11.105243056290796,0,1,23.274,S,First,child,False,Southampton,no,False
0,2,female,33.00542418130219,0,2,32.3095,S,Second,woman,False,Southampton,no,False
1,1,male,26.36279761533046,0,0,9.9874,S,First,man,True,Southampton,yes,True
1,2,female,80.0,1,0,25.5321,C,Second,woman,False,Cherbourg,yes,False
0,3,male,41.278849290614474,0,0,87.7979,S,Third,man,True,Southampton,no,True
1,1,male,12.895495498032762,0,0,31.2575,S,First,child,False,Southampton,yes,True
1,1,male,4.193393971558312,0,2,18.7123,Q,First,child,False,Queenstown,yes,False
0,2,male,29.52493960575695,1,0,23.5511,S,Second,man,True,Southampton,no,False
0,1,male,,1,0,10.5475,S,First,man,False,Southampton,no,False
1,1,male,26.77119535235775,0,0,25.4351,S,First,man,True,Southampton,yes,True
0,1,male,21.506529982669278,0,0,28.906,S,First,man,True,Southampton,no,True
0,2,male,36.24753029188355,1,0,19.2014,S,Second,man,True,Southampton,no,False
0,3,male,,1,0,6.4173,S,Third,man,False,Southampton,no,False
0,1,male,18.99006183829838,0,0,8.2619,S,First,man,True,Southampton,no,True
1,3,female,17.52291768397609,0,0,5.6492,C,Third,woman,False,Cherbourg,yes,True
0,3,female,,1,0,9.6998,S,Third,woman,False,Southampton,no,False
0,3,male,18.357975476209386,0,0,6.3999,S,Third,man,True,Southampton,no,True
0,1,male,,0,2,8.7407,S,First,man,False,Southampton,no,False
0,2,male,26.290527339810215,0,2,6.6108,Q,Second,man,True,Queenstown,no,False
0,3,female,65.94088524677424,0,2,13.0092,C,Third,woman,False,Cherbourg,no,False
0,3,female,15.882012299403044,2,3,6.232,S,Third,child,False,Southampton,no,False
0,3,male,44.26146262086412,0,0,18.679,Q,Third,man,True,Queenstown,no,True
1,2,female,6.016053261400314,1,0,9.6889,S,Second,child,False,Southampton,yes,False
1,3,male,52.122589476210514,0,0,19.6556,S,Third,man,True,Southampton,yes,True
1,3,male,16.196181802907223,1,2,40.905,C,Third,man,True,Cherbourg,yes,False
0,3,female,52.272481262345266,0,0,71.5165,S,Third,woman,False,Southampton,no,True
1,3,female,37.31254319244732,0,0,25.3991,S,Third,woman,False,Southampton,yes,True
0,2,female,,1,2,4.3387,S,Second,woman,False,Southampton,no,False
1,1,male,,0,0,7.4733,S,First,man,False,Southampton,yes,True
0,3,male,31.469059011861596,0,0,24.8151,S,Third,man,True,Southampton,no,True
1,3,female,7.377876833545751,0,0,21.4679,S,Third,child,False,Southampton,yes,True
0,3,female,15.184050336834737,0,0,4.8846,S,Third,child,False,Southampton,no,True
1,3,male,12.159853489247979,0,0,57.3058,S,Third,child,False,Southampton,yes,True
1,1,male,56.940471706231165,1,0,7.6007,S,First,man,True,Southampton,yes,False
0,3,female,42.769866242466264,0,1,40.6635,S,Third,woman,False,Southampton,no,False
1,2,female,80.0,0,0,4.9967,S,Second,woman,False,Southampton,yes,True
0,3,female,,0,0,42.886,C,Third,woman,False,Cherbourg,no,True
1,3,female,,0,0,46.9796,C,Third,woman,False,Cherbourg,yes,True
1,2,male,27.747615795502263,1,6,8.3703,S,Second,man,True,Southampton,yes,False
1,1,male,8.917564166422226,1,1,6.2392,C,First,child,False,Cherbourg,yes,False
0,1,female,17.114259926695606,0,2,8.0516,C,First,woman,False,Cherbourg,no,False
0,1,male,,0,0,81.2696,Q,First,man,False,Queenstown,no,True
1,3,female,30.90268292413784,0,0,45.0259,S,Third,woman,False,Southampton,yes,True
1,1,female,68.4334581011055,0,0,5.9199,S,First,woman,False,Southampton,yes,True
0,1,male,29.33047606281358,0,0,26.1457,S,First,man,True,Southampton,no,True
0,1,female,15.268934412415893,0,0,50.2138,S,First,child,False,Southampton,no,True
0,3,female,35.95640470606434,0,0,23.8886,S,Third,woman,False,Southampton,no,True
1,2,male,18.637554151677232,0,0,4.407,S,Second,man,True,Southampton,yes,True
1,1,female,,0,2,17.7478,S,First,woman,False,Southampton,yes,False
0,3,male,,0,0,5.6009,S,Third,man,False,Southampton,no,True
0,2,female,,4,5,24.9632,S,Second,woman,False,Southampton,no,False
0,2,male,22.380551941469964,0,0,23.0735,Q,Second,man,True,Queenstown,no,True
0,3,female,27.070989975501867,0,0,13.5079,Q,Third,woman,False,Queenstown,no,True
1,2,male,11.92260000673378,0,0,3.9619,C,Second,child,False,Cherbourg,yes,True
0,3,male,24.53827178260541,1,1,15.2492,S,Third,man,True,Southampton,no,False
1,3,male,33.04310608831234,0,0,37.6187,Q,Third,man,True,Queenstown,yes,True
1,3,male,22.48683405456258,0,0,7.5839,S,Third,man,True,Southampton,yes,True
0,2,male,48.97180101682746,0,0,22.1714,C,Second,man,True,Cherbourg,no,True
0,3,male,27.999487762621005,1,0,62.5881,S,Third,man,True,Southampton,no,False
1,3,female,,1,0,78.8078,S,Third,woman,False,Southampton,yes,False
0,1,female,60.61840965295233,0,0,10.4649,C,First,woman,False,Cherbourg,no,True
1,1,female,,1,3,35.4807,C,First,woman,False,Cherbourg,yes,False
0,3,female,25.520534818176017,1,2,3.2226,C,Third,woman,False,Cherbourg,no,False
1,3,female,40.883831632838294,4,0,54.696,Q,Third,woman,False,Queenstown,yes,False
0,3,male,3.297267892893543,2,0,42.5724,S,Third,child,False,Southampton,no,False
0,3,female,16.317714323789545,0,0,44.1769,S,Third,woman,False,Southampton,no,True
0,3,female,16.678499931501456,1,0,34.6047,S,Third,woman,False,Southampton,no,False
1,2,male,69.99186516886877,0,0,8.7198,S,Second,man,True,Southampton,yes,True
1,3,female,,0,0,33.5193,C,Third,woman,False,Cherbourg,yes,True
0,3,male,18.192887255852206,0,0,14.1799,C,Third,man,True,Cherbourg,no,True
0,3,female,,0,0,7.1387,S,Third,woman,False,Southampton,no,True
0,1,female,18.061946952766842,0,2,43.9526,S,First,woman,False,Southampton,no,False
0,1,female,,3,0,5.2507,S,First,woman,False,Southampton,no,False
1,2,male,24.800948695074688,0,0,23.8594,C,Second,man,True,Cherbourg,yes,True
0,3,male,49.709591939908705,0,0,13.3224,S,Third,man,True,Southampton,no,True
1,3,female,24.256339588530807,0,0,11.7624,S,Third,woman,False,Southampton,yes,True
1,2,male,,0,0,9.3286,S,Second,man,False,Southampton,yes,True
0,2,male,27.772992154921962,2,0,24.1511,S,Second,man,True,Southampton,no,False
1,3,male,43.561567543739734,1,0,19.0966,S,Third,man,True,Southampton,yes,False
0,3,female,30.884273658699975,0,0,26.4476,Q,Third,woman,False,Queenstown,no,True
0,2,male,26.131954239001317,2,0,27.5176,S,Second,man,True,Southampton,no,False
1,1,male,19.230832540796847,0,0,10.2356,S,First,man,True,Southampton,yes,True
0,1,male,17.06945918555439,4,0,5.8585,C,First,man,True,Cherbourg,no,False
0,3,male,45.56720487803027,0,0,14.1268,C,Third,man,True,Cherbourg,no,True
1,3,male,56.4928890227051,1,0,12.9631,S,Third,man,True,Southampton,yes,False
1,2,female,80.0,0,0,8.5403,S,Second,woman,False,Southampton,yes,True
0,3,female,18.37183447480844,2,0,12.7959,Q,Third,woman,False,Queenstown,no,False
1,3,female,21.949605228076543,0,1,35.7763,S,Third,woman,False,Southampton,yes,False
0,3,male,25.383718677560758,0,1,38.846,Q,Third,man,True,Queenstown,no,False
1,1,female,,1,1,20.4325,S,First,woman,False,Southampton,yes,False
0,3,female,26.08811981097617,0,0,14.0753,S,Third,woman,False,Southampton,no,True
1,3,male,9.262826179924613,1,0,27.566,S,Third,child,False,Southampton,yes,False
1,3,male,29.79929494233624,1,0,9.1015,C,Third,man,True,Cherbourg,yes,False
0,3,female,56.644854095149086,0,0,23.022,Q,Third,woman,False,Queenstown,no,True
1,3,male,28.882078774656037,0,1,29.6767,S,Third,man,True,Southampton,yes,False
1,3,female,16.686048468806177,1,1,25.8789,S,Third,woman,False,Southampton,yes,False
1,2,male,19.05163650735483,1,0,33.2863,S,Second,man,True,Southampton,yes,False
0,2,female,,0,0,14.7689,C,Second,woman,False,Cherbourg,no,True
0,2,female,27.3341004428163,0,6,6.0848,C,Second,woman,False,Cherbourg,no,False
1,2,male,13.519047166214545,0,0,40.49,C,Second,child,False,Cherbourg,yes,True
0,3,male,,0,0,18.6944,S,Third,man,False,Southampton,no,True
1,3,male,14.53930250278405,0,0,12.6546,S,Third,child,False,Southampton,yes,True
0,2,male,28.345681737266027,1,0,11.264,S,Second,man,True,Southampton,no,False
0,2,male,,1,0,6.2862,S,Second,man,False,Southampton,no,False
0,1,female,56.798851035205516,1,0,49.1903,S,First,woman,False,Southampton,no,False
1,3,male,,0,0,2.9102,Q,Third,man,False,Queenstown,yes,True
0,2,male,59.17815832704427,0,1,2.9733,S,Second,man,True,Southampton,no,False
0,3,male,,1,0,23.3943,S,Third,man,False,Southampton,no,False
1,3,male,24.329043398989935,1,0,10.5859,C,Third,man,True,Cherbourg,yes,False
0,2,male,,1,0,51.7635,C,Second,man,False,Cherbourg,no,False
1,3,female,19.978427569873816,0,0,31.4212,S,Third,woman,False,Southampton,yes,True
0,2,female,13.215769971286608,0,2,22.3484,S,Second,child,False,Southampton,no,False
1,3,male,26.147551685108724,0,0,34.804,S,Third,man,True,Southampton,yes,True
0,2,male,32.85836371550508,0,0,21.0184,S,Second,man,True,Southampton,no,True
1,2,male,38.75230111200437,1,0,37.5391,C,Second,man,True,Cherbourg,yes,False
0,3,male,34.59618648990295,0,0,30.9367,S,Third,man,True,Southampton,no,True
0,3,male,28.9345099736666,1,0,38.3172,S,Third,man,True,Southampton,no,False
0,2,female,28.791679398637786,0,0,40.5729,C,Second,woman,False,Cherbourg,no,True
1,2,male,13.171415952902867,0,0,14.246,C,Second,child,False,Cherbourg,yes,True
0,1,male,11.03508521861061,1,1,29.8227,Q,First,child,False,Queenstown,no,False
1,3,female,31.10476518312355,0,0,14.4593,C,Third,woman,False,Cherbourg,yes,True
0,2,female,,1,0,27.3443,S,Second,woman,False,Southampton,no,False
0,3,male,80.0,1,0,6.5141,S,Third,man,True,Southampton,no,False
0,2,female,20.20230975269477,2,2,32.5306,S,Second,woman,False,Southampton,no,False
1,2,female,41.68972480322046,0,2,64.5326,S,Second,woman,False,Southampton,yes,False
1,3,male,22.903743990984818,0,1,17.2543,S,Third,man,True,Southampton,yes,False
1,3,male,38.99427083492077,0,0,18.6012,S,Third,man,True,Southampton,yes,True
1,3,male,18.09924806737651,1,0,10.2268,C,Third,man,True,Cherbourg,yes,False
0,3,female,20.6637618248789,0,1,49.9595,S,Third,woman,False,Southampton,no,False
1,2,male,16.385066034125,0,1,23.1761,Q,Second,man,True,Queenstown,yes,False
0,3,female,30.10987201421079,0,0,20.9981,S,Third,woman,False,Southampton,no,True
1,1,female,6.973410173074502,0,0,38.3441,S,First,child,False,Southampton,yes,True
0,2,male,,1,0,51.1355,S,Second,man,False,Southampton,no,False
1,1,male,42.25072428817466,0,1,36.5572,S,First,man,True,Southampton,yes,False
0,3,male,,0,0,47.2207,S,Third,man,False,Southampton,no,True
0,1,male,57.69648483363474,0,0,45.0906,S,First,man,True,Southampton,no,True
0,2,female,6.541056513838559,1,2,94.9277,S,Second,child,False,Southampton,no,False
0,2,male,39.93554094976303,1,0,20.1932,C,Second,man,True,Cherbourg,no,False
0,1,male,18.669849567954852,0,0,9.9626,S,First,man,True,Southampton,no,True
1,1,male,,0,0,25.7759,S,First,man,False,Southampton,yes,True
1,2,male,21.184599097718298,0,0,3.7298,C,Second,man,True,Cherbourg,yes,True
0,1,male,36.496256542743396,0,0,14.8522,S,First,man,True,Southampton,no,True
0,1,male,20.34648870278084,0,0,26.0393,S,First,man,True,Southampton,no,True
0,1,male,15.513118611030825,0,0,28.4485,S,First,child,False,Southampton,no,True
1,3,male,15.41487218629381,1,0,18.2793,S,Third,child,False,Southampton,yes,False
0,3,male,37.18535538450056,2,0,30.634,S,Third,man,True,Southampton,no,False
0,3,female,,0,3,28.3958,S,Third,woman,False,Southampton,no,False
0,3,male,36.49461917967766,0,1,7.6571,S,Third,man,True,Southampton,no,False
0,1,male,38.48352299069195,0,0,29.0735,S,First,man,True,Southampton,no,True
0,2,male,38.594463077794416,0,2,16.5017,C,Second,man,True,Cherbourg,no,False
0,3,male,16.841389155318264,0,0,43.4733,S,Third,man,True,Southampton,no,True
0,3,female,18.688589513656634,1,0,14.8331,Q,Third,woman,False,Queenstown,no,False
0,3,male,38.55096721345275,0,0,8.7101,S,Third,man,True,Southampton,no,True
0,3,female,8.29482738942965,1,0,20.7552,C,Third,child,False,Cherbourg,no,False
1,1,male,37.38034067357202,0,0,14.5661,C,First,man,True,Cherbourg,yes,True
0,3,male,49.44113850151588,4,0,18.7161,S,Third,man,True,Southampton,no,False
0,3,female,21.580131364188013,0,1,2.7987,Q,Third,woman,False,Queenstown,no,False
0,2,male,51.824074591828065,1,0,30.6111,S,Second,man,True,Southampton,no,False
1,3,female,,0,0,27.8707,S,Third,woman,False,Southampton,yes,True
1,1,male,35.452002971834126,1,0,51.5494,S,First,man,True,Southampton,yes,False
1,3,male,,0,0,29.1726,Q,Third,man,False,Queenstown,yes,True
0,2,female,17.602873894322514,0,0,18.1332,C,Second,woman,False,Cherbourg,no,True
0,1,male,,0,0,6.6397,S,First,man,False,Southampton,no,True
0,3,female,19.386429505990268,0,0,43.7916,S,Third,woman,False,Southampton,no,True
0,2,male,41.02308475637403,0,0,17.1712,S,Second,man,True,Southampton,no,True
0,3,female,20.32899360965622,0,2,7.7978,S,Third,woman,False,Southampton,no,False
1,3,male,31.67564320882847,0,0,22.5903,S,Third,man,True,Southampton,yes,True
1,2,female,29.01423488055118,5,0,12.9216,S,Second,woman,False,Southampton,yes,False
0,1,female,2.4199605366811276,0,0,14.4662,S,First,child,False,Southampton,no,True
0,3,male,32.55561204546497,1,0,45.7628,Q,Third,man,True,Queenstown,no,False
0,3,male,41.9801606910264,0,1,11.4414,S,Third,man,True,Southampton,no,False
0,3,female,8.60159031945022,0,0,38.5983,C,Third,child,False,Cherbourg,no,True
1,3,male,28.557455870511642,0,2,30.5381,S,Third,man,True,Southampton,yes,False
0,3,male,33.82102606319797,0,1,23.7501,Q,Third,man,True,Queenstown,no,False
1,2,female,28.12525780981014,0,1,16.3299,S,Second,woman,False,Southampton,yes,False
0,3,female,22.41782964948893,0,0,10.9408,S,Third,woman,False,Southampton,no,True
0,3,male,21.49844107938536,0,0,35.7362,C,Third,man,True,Cherbourg,no,True
0,3,male,10.51931248096185,1,0,30.1663,C,Third,child,False,Cherbourg,no,False
1,2,male,,0,0,11.0554,S,Second,man,False,Southampton,yes,True
0,3,male,65.44453823374728,1,0,14.6961,S,Third,man,True,Southampton,no,False
0,3,male,37.56684626134498,4,0,60.8185,S,Third,man,True,Southampton,no,False
0,3,female,,0,0,26.4572,S,Third,woman,False,Southampton,no,True
0,3,male,18.890536855417576,1,0,10.8237,S,Third,man,True,Southampton,no,False
0,3,female,50.1341765289916,0,0,32.7786,S,Third,woman,False,Southampton,no,True
0,2,female,,1,2,24.7236,S,Second,woman,False,Southampton,no,False
1,2,female,44.08984011085954,0,0,7.8339,S,Second,woman,False,Southampton,yes,True
1,3,male,9.129225051880345,0,0,24.6249,S,Third,child,False,Southampton,yes,True
0,2,male,,0,0,15.685,C,Second,man,False,Cherbourg,no,True
1,3,male,53.1871414818477,1,2,4.7512,S,Third,man,True,Southampton,yes,False
0,1,male,18.192571679349584,1,2,15.7051,S,First,man,True,Southampton,no,False
1,2,male,14.475045963984773,0,0,13.3531,S,Second,child,False,Southampton,yes,True
0,3,female,,0,2,18.8154,S,Third,woman,False,Southampton,no,False
0,3,male,46.1138846678028,1,0,17.8555,S,Third,man,True,Southampton,no,False
0,3,male,,1,0,25.8882,S,Third,man,False,Southampton,no,False
1,1,male,,0,0,22.1071,C,First,man,False,Cherbourg,yes,True
0,1,female,21.917362316752577,0,0,41.943,Q,First,woman,False,Queenstown,no,True
0,3,female,,1,0,17.7217,C,Third,woman,False,Cherbourg,no,False
0,2,male,,1,0,43.2676,S,Second,man,False,Southampton,no,False
0,2,male,33.621210690184576,0,0,47.6558,S,Second,man,True,Southampton,no,True
1,3,female,11.230489654728157,1,0,29.3793,Q,Third,child,False,Queenstown,yes,False
0,3,male,,0,0,4.9593,S,Third,man,False,Southampton,no,True
1,2,female,43.16787163278902,1,0,18.3023,S,Second,woman,False,Southampton,yes,False
0,1,male,,0,0,5.9667,S,First,man,False,Southampton,no,True
0,2,male,37.60552462249311,0,0,20.9935,S,Second,man,True,Southampton,no,True
1,1,male,,1,0,45.7064,S,First,man,False,Southampton,yes,False
1,3,female,16.34505037093245,0,2,14.6243,S,Third,woman,False,Southampton,yes,False
0,3,male,14.859824177378282,1,0,45.7518,C,Third,child,False,Cherbourg,no,False
0,1,male,4.5729432961915615,1,0,23.7549,C,First,child,False,Cherbourg,no,False
1,1,male,26.255560223717865,2,0,28.3394,S,First,man,True,Southampton,yes,False
0,1,male,28.55630978657214,0,0,17.0827,C,First,man,True,Cherbourg,no,True
1,3,female,47.72368267819891,1,0,12.9011,S,Third,woman,False,Southampton,yes,False
0,1,female,26.345662739723892,1,0,4.5202,C,First,woman,False,Cherbourg,no,False
1,3,male,21.861116109335352,1,0,11.2804,S,Third,man,True,Southampton,yes,False
0,2,female,28.773025261795254,0,0,29.6032,S,Second,woman,False,Southampton,no,True
0,2,male,22.107505956413625,0,0,11.0544,C,Second,man,True,Cherbourg,no,True
0,1,male,38.21517862925902,0,0,15.3292,S,First,man,True,Southampton,no,True
1,3,female,17.898001672502623,0,0,56.0831,S,Third,woman,False,Southampton,yes,True
1,3,male,6.873676157216178,1,0,41.479,S,Third,child,False,Southampton,yes,False
0,3,male,33.42088120725137,0,0,32.6964,Q,Third,man,True,Queenstown,no,True
0,2,male,21.252612921181367,1,0,32.2974,S,Second,man,True,Southampton,no,False
0,2,female,3.2219573442085907,0,0,15.83,S,Second,child,False,Southampton,no,True
0,2,male,24.012401206772314,0,1,41.2269,S,Second,man,True,Southampton,no,False
0,2,male,31.912670753583114,0,1,8.8416,S,Second,man,True,Southampton,no,False
0,2,female,54.24006100977746,0,0,8.2591,C,Second,woman,False,Cherbourg,no,True
0,3,female,45.58884683160368,0,0,14.3406,C,Third,woman,False,Cherbourg,no,True
0,2,female,43.62820627925514,0,1,14.2382,C,Second,woman,False,Cherbourg,no,False
1,2,male,14.099560674178807,1,0,27.1931,Q,Second,child,False,Queenstown,yes,False
0,2,male,38.911844366493135,0,0,23.7238,C,Second,man,True,Cherbourg,no,True
0,1,male,14.03110361790639,8,1,9.5585,S,First,child,False,Southampton,no,False
0,3,female,32.46466911533442,2,1,33.162,S,Third,woman,False,Southampton,no,False
0,2,female,15.333494760308303,0,0,3.9275,S,Second,child,False,Southampton,no,True
1,1,female,14.070858042442786,1,2,51.7501,S,First,child,False,Southampton,yes,False
1,3,male,8.026745502532277,0,0,20.9762,S,Third,child,False,Southampton,yes,True
0,2,male,47.49050760681244,0,0,27.932,S,Second,man,True,Southampton,no,True
0,2,male,17.479405237777506,0,0,22.3592,C,Second,man,True,Cherbourg,no,True
1,3,male,25.0706521765636,1,0,10.3796,S,Third,man,True,Southampton,yes,False
0,1,male,61.60056247849218,3,0,10.4495,S,First,man,True,Southampton,no,False
0,3,female,20.87189096072504,0,1,7.288,S,Third,woman,False,Southampton,no,False
1,2,male,,0,0,20.6004,S,Second,man,False,Southampton,yes,True
0,3,male,12.118046435076462,0,0,30.8347,S,Third,child,False,Southampton,no,True
0,3,female,27.913661762858382,0,0,23.3766,S,Third,woman,False,Southampton,no,True
0,3,male,10.174257370962936,0,0,52.3917,S,Third,child,False,Southampton,no,True
0,3,female,19.62504286925648,1,0,10.685,C,Third,woman,False,Cherbourg,no,False
0,3,male,37.73433554460184,0,6,13.5172,C,Third,man,True,Cherbourg,no,False
0,3,male,30.52704578954185,0,0,32.2179,S,Third,man,True,Southampton,no,True
1,1,male,,1,0,48.2286,S,First,man,False,Southampton,yes,False
0,3,male,,0,0,4.0905,C,Third,man,False,Cherbourg,no,True
0,1,male,26.614811068308487,0,0,4.0686,S,First,man,True,Southampton,no,True
0,3,male,33.7141352438638,1,0,29.8962,S,Third,man,True,Southampton,no,False
1,3,male,2.7884096312198636,3,0,24.6143,S,Third,child,False,Southampton,yes,False
0,3,male,5.289005378757361,1,2,13.645,C,Third,child,False,Cherbourg,no,False
1,3,male,30.060179046809196,0,0,12.5626,C,Third,man,True,Cherbourg,yes,True
1,3,male,,0,0,7.4049,Q,Third,man,False,Queenstown,yes,True
1,1,male,29.638700841277288,0,2,24.8972,S,First,man,True,Southampton,yes,False
0,1,female,8.419899399580475,1,1,4.8834,S,First,child,False,Southampton,no,False
1,3,female,24.280708650630842,0,0,31.1592,S,Third,woman,False,Southampton,yes,True
0,3,female,19.300872383673124,3,3,41.2215,C,Third,woman,False,Cherbourg,no,False
0,3,male,31.039420966105105,4,0,2.4095,S,Third,man,True,Southampton,no,False
0,3,female,12.034724338614593,0,1,12.8831,S,Third,child,False,Southampton,no,False
1,2,male,30.146749662849682,4,0,9.2394,S,Second,man,True,Southampton,yes,False
0,3,male,21.02240206184323,3,0,5.6197,C,Third,man,True,Cherbourg,no,False
1,1,male,,0,0,13.6849,S,First,man,False,Southampton,yes,True
0,1,female,19.623340085716684,0,0,31.7302,Q,First,woman,False,Queenstown,no,True
0,1,female,21.14760981732982,1,0,46.3141,S,First,woman,False,Southampton,no,False
1,3,female,31.79276839920929,0,0,7.7668,S,Third,woman,False,Southampton,yes,True
0,3,male,31.41145202342589,0,0,0.3345,S,Third,man,True,Southampton,no,True
1,1,female,10.45926048437137,0,0,23.679,S,First,child,False,Southampton,yes,True
1,3,male,67.93207538380885,0,1,36.7623,S,Third,man,True,Southampton,yes,False
0,2,male,18.74399043552834,3,0,35.3129,C,Second,man,True,Cherbourg,no,False
0,3,female,,0,0,26.8556,S,Third,woman,False,Southampton,no,True
0,3,male,36.45616529485491,1,0,3.4895,S,Third,man,True,Southampton,no,False
0,1,male,6.491668546749092,0,0,12.7815,C,First,child,False,Cherbourg,no,True
0,3,male,,1,2,16.6329,S,Third,man,False,Southampton,no,False
0,1,female,43.177776447762106,1,1,7.3315,S,First,woman,False,Southampton,no,False
1,3,male,21.753895283912996,0,0,23.1228,S,Third,man,True,Southampton,yes,True
0,2,male,35.270313049845726,0,4,39.1352,S,Second,man,True,Southampton,no,False
1,2,male,10.479525852717584,1,0,36.9094,S,Second,child,False,Southampton,yes,False
0,3,male,15.648310534420622,0,0,52.531,S,Third,child,False,Southampton,no,True
0,1,female,19.536597878390772,1,0,33.6302,S,First,woman,False,Southampton,no,False
0,3,male,25.37848301241568,0,0,38.8842,Q,Third,man,True,Queenstown,no,True
1,2,male,12.39450075094366,0,0,22.6936,S,Second,child,False,Southampton,yes,True
0,2,male,36.24268957426385,1,0,49.8238,S,Second,man,True,Southampton,no,False
1,3,male,6.930875976151947,0,0,19.9875,C,Third,child,False,Cherbourg,yes,True
0,1,male,28.633719423094295,0,3,37.9207,S,First,man,True,Southampton,no,False
0,3,male,36.13425248891256,0,1,35.2121,S,Third,man,True,Southampton,no,False
0,3,female,80.0,0,0,59.4884,S,Third,woman,False,Southampton,no,True
0,3,male,32.18878580195144,1,0,9.5519,Q,Third,man,True,Queenstown,no,False
0,2,male,13.240713867012829,0,0,4.6151,S,Second,child,False,Southampton,no,True
1,3,male,17.714399295263664,1,0,19.3213,Q,Third,man,True,Queenstown,yes,False
1,3,male,19.17287137641746,1,1,11.0259,S,Third,man,True,Southampton,yes,False
1,1,male,52.00380816877819,0,2,14.2592,S,First,man,True,Southampton,yes,False
1,3,male,42.44077959567582,0,2,20.197,C,Third,man,True,Cherbourg,yes,False
1,1,female,,4,0,47.8203,S,First,woman,False,Southampton,yes,False
1,3,male,34.66287209767178,3,2,46.0933,S,Third,man,True,Southampton,yes,False
0,3,male,47.27419222887191,0,0,5.1204,S,Third,man,True,Southampton,no,True
0,3,male,8.070557907612118,0,0,32.7976,S,Third,child,False,Southampton,no,True
0,3,male,,0,0,4.0212,Q,Third,man,False,Queenstown,no,True
0,1,male,57.28112384781238,0,1,40.9699,S,First,man,True,Southampton,no,False
1,1,male,32.74704548474056,1,2,46.0391,S,First,man,True,Southampton,yes,False
0,2,male,,0,0,10.1313,C,Second,man,False,Cherbourg,no,True
1,2,male,14.12384844164794,0,0,20.2854,Q,Second,child,False,Queenstown,yes,True
1,3,female,,1,4,12.41,Q,Third,woman,False,Queenstown,yes,False
0,3,male,28.787976106159768,1,0,42.7022,C,Third,man,True,Cherbourg,no,False
0,2,male,14.582825775594772,2,0,42.9436,S,Second,child,False,Southampton,no,False
0,3,female,26.247171696117476,0,0,35.9519,S,Third,woman,False,Southampton,no,True
0,3,male,,0,0,52.3516,S,Third,man,False,Southampton,no,True
0,1,female,10.924809935228652,0,2,7.6887,S,First,child,False,Southampton,no,False
0,1,male,29.41299206052352,1,0,6.0969,S,First,man,True,Southampton,no,False
0,3,male,,2,0,21.1669,Q,Third,man,False,Queenstown,no,False
0,2,male,30.97420912027954,1,0,5.7234,Q,Second,man,True,Queenstown,no,False
0,3,male,35.96337295921984,1,0,15.08,S,Third,man,True,Southampton,no,False
0,2,male,36.66499129836169,0,0,1.2215,C,Second,man,True,Cherbourg,no,True
1,3,female,3.2947055937048897,0,2,18.0854,S,Third,child,False,Southampton,yes,False
0,3,female,33.30670976248586,0,0,19.7625,S,Third,woman,False,Southampton,no,True
1,1,female,63.80157674920178,1,5,17.3445,Q,First,woman,False,Queenstown,yes,False
1,1,female,35.668070024639974,0,2,25.3236,S,First,woman,False,Southampton,yes,False
1,1,female,20.177500869727435,0,0,14.1018,C,First,woman,False,Cherbourg,yes,True
0,1,male,,0,0,14.8621,S,First,man,False,Southampton,no,True
0,2,female,27.939929240009466,0,0,20.5969,C,Second,woman,False,Cherbourg,no,True
0,3,male,,1,0,22.8816,S,Third,man,False,Southampton,no,False
0,3,female,4.690365832702021,0,0,35.1216,S,Third,child,False,Southampton,no,True
1,3,female,24.003820372020826,1,0,4.5475,S,Third,woman,False,Southampton,yes,False
0,1,male,40.487351480578376,0,0,58.987,S,First,man,True,Southampton,no,True
1,3,male,,0,0,11.9197,S,Third,man,False,Southampton,yes,True
1,2,female,31.033945118181023,0,0,7.8992,S,Second,woman,False,Southampton,yes,True
0,3,male,49.818167975739385,3,0,8.8885,C,Third,man,True,Cherbourg,no,False
1,3,male,15.338370754252104,0,0,10.2684,C,Third,child,False,Cherbourg,yes,True
0,3,male,,0,0,6.3699,S,Third,man,False,Southampton,no,True
0,3,male,25.92244215424488,0,0,21.0188,S,Third,man,True,Southampton,no,True
0,1,male,12.906003126417007,0,0,53.607,C,First,child,False,Cherbourg,no,True
1,1,male,25.74650286355301,0,1,2.4963,S,First,man,True,Southampton,yes,False
0,3,male,22.698350864852994,0,0,18.8388,S,Third,man,True,Southampton,no,True
1,2,female,15.567301654058909,5,0,46.3375,S,Second,child,False,Southampton,yes,False
0,3,male,31.940448031685097,1,0,19.7025,S,Third,man,True,Southampton,no,False
0,3,male,17.6224071366198,0,0,23.3357,S,Third,man,True,Southampton,no,True
0,3,male,63.969091254975545,1,0,29.0902,S,Third,man,True,Southampton,no,False
0,1,male,24.492069298435663,1,0,26.9641,S,First,man,True,Southampton,no,False
0,1,female,39.29495659446357,1,0,10.3754,S,First,woman,False,Southampton,no,False
0,1,female,29.124037748991615,0,0,23.0174,S,First,woman,False,Southampton,no,True
1,3,male,10.41965883580577,0,0,34.1684,S,Third,child,False,Southampton,yes,True
0,3,male,,1,0,25.8274,C,Third,man,False,Cherbourg,no,False
1,3,male,39.935609635138974,1,0,34.1718,S,Third,man,True,Southampton,yes,False
0,3,male,57.23662833889463,0,1,28.7909,S,Third,man,True,Southampton,no,False
0,1,male,28.48925568157894,0,0,7.3497,S,First,man,True,Southampton,no,True
0,1,male,27.26562640350659,0,0,53.2031,S,First,man,True,Southampton,no,True
0,3,female,33.525457360767504,0,0,74.1254,S,Third,woman,False,Southampton,no,True
1,3,male,20.629896381160204,0,0,18.5957,nan,Third,man,True,,yes,True
1,2,male,65.20909966883073,0,0,40.96,S,Second,man,True,Southampton,yes,True
1,3,male,,0,0,30.6267,S,Third,man,False,Southampton,yes,True
1,2,male,33.92682414928129,0,0,30.7555,S,Second,man,True,Southampton,yes,True
1,2,male,20.97662982962295,0,0,1.2402,Q,Second,man,True,Queenstown,yes,True
1,3,male,50.478162392176564,0,0,9.7972,S,Third,man,True,Southampton,yes,True
1,1,female,13.012423601741084,0,0,12.8265,S,First,child,False,Southampton,yes,True
0,3,male,6.981411577520344,0,0,15.022,S,Third,child,False,Southampton,no,True
0,1,male,15.099108556379958,0,0,13.0019,S,First,child,False,Southampton,no,True
1,3,male,65.45084194809519,0,0,25.8426,S,Third,man,True,Southampton,yes,True
0,3,female,23.874745059843747,0,0,34.216,S,Third,woman,False,Southampton,no,True
1,3,male,,0,0,23.1046,S,Third,man,False,Southampton,yes,True
0,1,male,55.64755797541533,0,0,44.6006,S,First,man,True,Southampton,no,True
1,1,female,36.88611990934949,0,1,43.1931,S,First,woman,False,Southampton,yes,False
0,3,male,38.92933352157001,1,0,5.9355,S,Third,man,True,Southampton,no,False
0,2,female,22.192732419301233,0,0,30.9842,S,Second,woman,False,Southampton,no,True
0,3,male,7.545748691436796,1,0,19.2212,S,Third,child,False,Southampton,no,False
1,3,male,17.282322359175012,0,0,15.1026,Q,Third,man,True,Queenstown,yes,True
0,1,male,11.463958806842156,1,0,2.6462,C,First,child,False,Cherbourg,no,False
1,3,male,60.509576007044416,0,2,9.6595,S,Third,man,True,Southampton,yes,False
1,3,female,,0,1,8.7612,S,Third,woman,False,Southampton,yes,False
0,3,male,17.625488152771368,0,0,14.4253,S,Third,man,True,Southampton,no,True
1,2,male,,1,0,12.1733,S,Second,man,False,Southampton,yes,False
0,2,female,24.634247172515487,0,0,55.7445,S,Second,woman,False,Southampton,no,True
0,1,female,,1,2,13.3491,S,First,woman,False,Southampton,no,False
0,1,male,39.28197441155586,0,0,70.5083,S,First,man,True,Southampton,no,True
0,2,male,21.978794407226204,1,0,37.2612,S,Second,man,True,Southampton,no,False
0,3,male,51.96268596076081,1,0,6.1333,S,Third,man,True,Southampton,no,False
1,1,female,36.67178662016465,8,0,30.8861,S,First,woman,False,Southampton,yes,False
1,2,female,31.562144442240054,1,0,6.8322,S,Second,woman,False,Southampton,yes,False
0,1,male,20.174444202886725,0,0,23.2683,S,First,man,True,Southampton,no,True
0,2,male,63.958862657238,0,0,18.873,S,Second,man,True,Southampton,no,True
1,1,male,24.44238905693439,0,0,4.754,C,First,man,True,Cherbourg,yes,True
0,3,male,,0,0,13.4791,C,Third,man,False,Cherbourg,no,True
0,2,female,,0,0,55.9222,S,Second,woman,False,Southampton,no,True
0,1,male,18.5166656486094,0,0,45.422,C,First,man,True,Cherbourg,no,True
0,1,male,,1,1,11.0491,S,First,man,False,Southampton,no,False
1,3,male,38.31799218545012,0,0,10.9224,S,Third,man,True,Southampton,yes,True
1,2,male,,0,0,36.504,S,Second,man,False,Southampton,yes,True
0,1,male,60.021548976919775,0,0,4.1011,C,First,man,True,Cherbourg,no,True
1,3,female,21.70652055904581,1,0,17.6946,S,Third,woman,False,Southampton,yes,False
1,2,female,40.13985650995956,0,1,15.6827,S,Second,woman,False,Southampton,yes,False
0,3,male,13.617787655376713,0,0,5.9099,S,Third,child,False,Southampton,no,True
0,3,female,59.70482170511447,4,0,56.8071,C,Third,woman,False,Cherbourg,no,False
1,2,female,10.671645249054759,0,0,25.6422,S,Second,child,False,Southampton,yes,True
0,3,male,36.75505432148011,1,0,25.7126,S,Third,man,True,Southampton,no,False
0,3,male,,1,0,39.4227,S,Third,man,False,Southampton,no,False
1,1,male,33.26438644025605,0,0,23.4329,C,First,man,True,Cherbourg,yes,True
1,3,male,23.873710456103566,5,0,16.4825,S,Third,man,True,Southampton,yes,False
1,1,female,34.19163034302096,1,0,9.4172,S,First,woman,False,Southampton,yes,False
0,2,male,80.0,0,0,44.3526,S,Second,man,True,Southampton,no,True
1,3,female,,0,0,25.7376,S,Third,woman,False,Southampton,yes,True
0,3,female,25.29635972185489,0,0,29.1337,S,Third,woman,False,Southampton,no,True
1,3,male,72.24909988812391,1,0,9.6007,S,Third,man,True,Southampton,yes,False
1,1,female,,0,0,45.9691,C,First,woman,False,Cherbourg,yes,True
1,3,male,29.274411996334216,1,1,22.1502,S,Third,man,True,Southampton,yes,False
1,3,male,17.021886979133644,0,0,25.8021,Q,Third,man,True,Queenstown,yes,True
0,2,male,50.53586737681684,1,1,14.6742,C,Second,man,True,Cherbourg,no,False
1,3,male,39.280654335391496,0,0,19.0075,S,Third,man,True,Southampton,yes,True
0,2,male,17.497049432246143,0,0,9.5676,S,Second,man,True,Southampton,no,True
1,1,female,14.013308722216058,0,0,23.8436,C,First,child,False,Cherbourg,yes,True
1,1,female,50.65561911714708,1,0,39.4317,S,First,woman,False,Southampton,yes,False
0,2,male,19.328439443349165,0,0,22.1897,S,Second,man,True,Southampton,no,True
0,3,male,6.408916094123605,1,0,23.5319,S,Third,child,False,Southampton,no,False
1,1,male,40.09628471845751,0,0,25.9953,S,First,man,True,Southampton,yes,True
0,3,female,39.11671654368648,1,0,26.1694,S,Third,woman,False,Southampton,no,False
0,1,male,28.757631873571125,1,0,37.6591,Q,First,man,True,Queenstown,no,False
0,2,female,45.72449328466783,0,0,11.5594,C,Second,woman,False,Cherbourg,no,True
0,3,female,,1,0,5.4564,S,Third,woman,False,Southampton,no,False
1,1,male,47.196147744448595,0,1,21.1876,S,First,man,True,Southampton,yes,False
0,3,female,31.879205238894084,2,1,30.3698,S,Third,woman,False,Southampton,no,False
0,3,female,10.050226101338968,0,4,44.1977,S,Third,child,False,Southampton,no,False
1,3,male,16.429214881607344,0,0,40.3456,S,Third,man,True,Southampton,yes,True
1,3,male,26.675996639922083,1,1,7.0054,C,Third,man,True,Cherbourg,yes,False
0,3,female,27.03365296757323,1,1,30.2646,Q,Third,woman,False,Queenstown,no,False
0,3,female,,0,0,8.6828,S,Third,woman,False,Southampton,no,True
1,1,female,15.521045352347207,3,0,23.7678,S,First,child,False,Southampton,yes,False
0,3,male,6.601104472078003,0,2,6.7406,S,Third,child,False,Southampton,no,False
1,1,female,33.93424930709604,4,3,43.9233,S,First,woman,False,Southampton,yes,False
1,1,male,32.1967157165074,0,0,43.4641,S,First,man,True,Southampton,yes,True
0,2,female,,0,0,29.712,C,Second,woman,False,Cherbourg,no,True
1,3,male,22.447064506354533,0,1,11.9115,Q,Third,man,True,Queenstown,yes,False
0,3,female,60.857127328266046,4,0,38.4842,Q,Third,woman,False,Queenstown,no,False
0,2,male,18.08573368746685,0,0,23.4942,C,Second,man,True,Cherbourg,no,True
1,1,female,18.786503990617504,3,4,20.7,Q,First,woman,False,Queenstown,yes,False
0,3,male,65.68263948876006,1,1,9.0732,C,Third,man,True,Cherbourg,no,False
1,2,female,23.75023281869961,0,2,38.8423,S,Second,woman,False,Southampton,yes,False
1,2,female,33.24045578674781,0,0,54.4311,S,Second,woman,False,Southampton,yes,True
0,3,male,22.684360735864708,0,0,37.9938,S,Third,man,True,Southampton,no,True
1,3,female,,0,3,28.3257,S,Third,woman,False,Southampton,yes,False
0,1,male,,0,0,14.2095,S,First,man,False,Southampton,no,True
0,2,male,80.0,2,0,19.5181,C,Second,man,True,Cherbourg,no,False
1,3,female,52.37679778597681,0,0,9.7823,S,Third,woman,False,Southampton,yes,True
0,3,male,28.968784627194175,2,0,37.6425,S,Third,man,True,Southampton,no,False
1,1,female,19.46003697743437,0,0,29.9454,S,First,woman,False,Southampton,yes,True
1,2,female,22.327685712158978,0,0,7.455,S,Second,woman,False,Southampton,yes,True
0,1,male,27.605376282795685,0,0,25.5796,S,First,man,True,Southampton,no,True
0,3,male,,1,0,20.087,S,Third,man,False,Southampton,no,False
0,3,male,29.891750048261784,0,0,20.2488,S,Third,man,True,Southampton,no,True
1,2,male,20.666045674599335,3,0,2.8786,S,Second,man,True,Southampton,yes,False
0,3,female,31.916509789935933,0,0,23.9606,S,Third,woman,False,Southampton,no,True
0,3,female,35.67353884749038,3,0,19.5184,S,Third,woman,False,Southampton,no,False
0,3,male,,1,0,17.3494,S,Third,man,False,Southampton,no,False
0,3,male,34.80150765591466,1,0,5.4533,S,Third,man,True,Southampton,no,False
1,2,female,30.251986577125457,0,0,38.703,S,Second,woman,False,Southampton,yes,True
1,2,male,65.66717338975499,0,0,21.2501,S,Second,man,True,Southampton,yes,True
0,3,male,14.278870168974091,1,0,7.2178,S,Third,child,False,Southampton,no,False
0,3,male,41.96448321009008,0,0,25.6834,S,Third,man,True,Southampton,no,True
1,1,female,24.715257005776976,1,0,9.437,Q,First,woman,False,Queenstown,yes,False
0,3,male,,1,0,8.0612,S,Third,man,False,Southampton,no,False
1,1,male,29.38457984889784,0,2,12.7136,S,First,man,True,Southampton,yes,False
0,1,female,55.75522693495043,0,2,18.842,C,First,woman,False,Cherbourg,no,False
0,1,male,16.997337213652507,0,0,12.6161,Q,First,man,True,Queenstown,no,True
1,3,female,42.76593683199047,0,0,51.4016,S,Third,woman,False,Southampton,yes,True
0,3,male,54.7494274021731,1,2,51.9917,C,Third,man,True,Cherbourg,no,False
0,1,male,62.69752051166856,1,0,75.3805,C,First,man,True,Cherbourg,no,False
0,3,male,75.46367846517698,0,0,6.8861,S,Third,man,True,Southampton,no,True
1,3,male,42.34961405357856,1,0,9.5204,S,Third,man,True,Southampton,yes,False
1,3,male,41.70174781238175,0,3,9.9834,S,Third,man,True,Southampton,yes,False
0,1,male,8.402821596665909,0,0,27.4269,S,First,child,False,Southampton,no,True
1,1,male,8.500020710522039,0,0,5.2943,S,First,child,False,Southampton,yes,True
0,3,male,50.441076071028505,3,0,33.2518,S,Third,man,True,Southampton,no,False
0,3,female,8.958859472293101,4,2,20.1183,C,Third,child,False,Cherbourg,no,False
1,3,female,80.0,0,0,37.0814,C,Third,woman,False,Cherbourg,yes,True
1,3,female,36.782012084406254,0,0,22.4704,Q,Third,woman,False,Queenstown,yes,True
0,3,male,,0,0,15.1278,S,Third,man,False,Southampton,no,True
0,1,female,25.190443140454654,1,0,40.7636,S,First,woman,False,Southampton,no,False
0,3,male,25.603724673837945,0,0,49.5871,C,Third,man,True,Cherbourg,no,True
1,2,male,36.13471999799171,0,1,12.8065,S,Second,man,True,Southampton,yes,False
1,1,male,,1,0,30.7431,S,First,man,False,Southampton,yes,False
1,1,female,,0,0,21.5919,C,First,woman,False,Cherbourg,yes,True
1,3,female,12.07093063132791,0,0,35.2225,S,Third,child,False,Southampton,yes,True
1,3,male,23.04303583810669,0,1,21.8136,S,Third,man,True,Southampton,yes,False
1,2,male,12.84175274408054,1,0,28.0859,S,Second,child,False,Southampton,yes,False
0,1,female,27.076193186289146,4,0,15.5959,S,First,woman,False,Southampton,no,False
0,1,male,23.843770114808844,0,0,18.6429,S,First,man,True,Southampton,no,True
0,3,male,13.656973586426236,0,0,79.3688,S,Third,child,False,Southampton,no,True
0,3,male,11.529969614767651,0,0,20.966,S,Third,child,False,Southampton,no,True
1,3,male,80.0,0,0,4.241,C,Third,man,True,Cherbourg,yes,True
1,3,male,32.72716425370599,0,0,5.5166,S,Third,man,True,Southampton,yes,True
0,2,female,19.508237268115398,0,0,11.2255,S,Second,woman,False,Southampton,no,True
1,1,male,14.420609928994352,0,0,4.3508,S,First,child,False,Southampton,yes,True
0,3,male,,1,2,14.2591,S,Third,man,False,Southampton,no,False
0,1,male,20.131389493198203,0,0,20.4388,nan,First,man,True,,no,True
0,1,female,49.67207468480733,5,0,20.0813,S,First,woman,False,Southampton,no,False
0,1,male,36.85636026746727,0,0,40.4213,S,First,man,True,Southampton,no,True
0,3,male,27.28083313691048,0,0,23.0327,S,Third,man,True,Southampton,no,True
0,3,male,12.547641473818036,0,0,27.375,S,Third,child,False,Southampton,no,True
1,2,male,17.03557569646086,0,0,79.7674,C,Second,man,True,Cherbourg,yes,True
1,3,male,80.0,2,2,21.5054,C,Third,man,True,Cherbourg,yes,False
0,1,male,28.89078322468571,1,0,37.7436,S,First,man,True,Southampton,no,False
0,3,male,42.447193476315576,0,0,13.2018,C,Third,man,True,Cherbourg,no,True
1,3,male,29.040640000258534,1,0,27.9036,S,Third,man,True,Southampton,yes,False
0,1,male,,3,0,39.0871,S,First,man,False,Southampton,no,False
1,3,female,,0,0,18.1605,S,Third,woman,False,Southampton,yes,True
0,3,female,24.21383994559558,0,0,59.2551,S,Third,woman,False,Southampton,no,True
0,1,female,22.969715424105207,0,0,32.1071,S,First,woman,False,Southampton,no,True
1,2,female,36.40567446792803,1,0,39.684,Q,Second,woman,False,Queenstown,yes,False
0,3,male,69.05746189612358,0,0,30.2033,C,Third,man,True,Cherbourg,no,True
1,1,female,19.441542627721205,0,0,29.3172,S,First,woman,False,Southampton,yes,True
0,3,female,31.698688261362868,0,3,9.0735,S,Third,woman,False,Southampton,no,False
1,3,female,53.49998546859267,0,0,51.5938,C,Third,woman,False,Cherbourg,yes,True
1,2,male,17.16127426216012,1,0,50.4785,S,Second,man,True,Southampton,yes,False
0,2,male,54.37684169510534,0,0,15.7375,S,Second,man,True,Southampton,no,True
0,3,female,44.425000570854834,0,0,40.1941,S,Third,woman,False,Southampton,no,True
0,2,female,11.389680947318297,3,0,11.6483,S,Second,child,False,Southampton,no,False
0,3,male,,0,0,35.5093,S,Third,man,False,Southampton,no,True
1,3,female,23.92886468067392,0,0,22.6439,S,Third,woman,False,Southampton,yes,True
0,3,female,24.48095277195879,1,0,13.7317,S,Third,woman,False,Southampton,no,False
0,3,male,15.81717794002274,1,0,6.8205,S,Third,child,False,Southampton,no,False
0,3,male,,0,0,32.2401,Q,Third,man,False,Queenstown,no,True
0,3,male,32.64114448849742,0,0,46.2526,C,Third,man,True,Cherbourg,no,True
0,3,male,80.0,1,0,6.3788,S,Third,man,True,Southampton,no,False
0,3,female,38.19091922245459,0,2,20.7155,S,Third,woman,False,Southampton,no,False
1,3,male,60.78595563270469,1,0,19.9231,S,Third,man,True,Southampton,yes,False
1,3,female,,1,0,3.5227,S,Third,woman,False,Southampton,yes,False
1,1,female,18.306521945198554,0,0,13.2792,C,First,woman,False,Cherbourg,yes,True
0,3,male,55.36760444667405,1,0,38.8154,S,Third,man,True,Southampton,no,False
1,1,male,36.17258396104076,0,1,6.8529,S,First,man,True,Southampton,yes,False
1,2,female,56.96185366729421,1,1,41.8496,C,Second,woman,False,Cherbourg,yes,False
0,1,male,,1,0,35.562,S,First,man,False,Southampton,no,False
1,3,female,15.384810702607592,0,1,24.1405,C,Third,child,False,Cherbourg,yes,False
1,2,male,30.702700370603743,0,0,4.8012,C,Second,man,True,Cherbourg,yes,True
0,3,male,47.86274549818523,0,1,12.7147,S,Third,man,True,Southampton,no,False
1,3,male,14.922896528594311,0,0,42.7335,Q,Third,child,False,Queenstown,yes,True
0,1,male,,0,0,7.0405,S,First,man,False,Southampton,no,True
0,3,male,62.441114581779225,1,1,5.2553,Q,Third,man,True,Queenstown,no,False
0,3,female,16.444412030942942,0,0,35.9278,S,Third,woman,False,Southampton,no,True
1,3,male,15.515664706266259,0,5,6.1956,C,Third,child,False,Cherbourg,yes,False
0,1,female,38.179926491592596,1,0,8.4043,S,First,woman,False,Southampton,no,False
0,2,female,20.859953319903994,0,0,35.0207,S,Second,woman,False,Southampton,no,True
0,3,female,23.78023795453874,1,0,7.2349,S,Third,woman,False,Southampton,no,False
1,1,male,28.27598770533937,0,0,9.5508,Q,First,man,True,Queenstown,yes,True
1,1,female,,0,0,40.3962,Q,First,woman,False,Queenstown,yes,True
0,1,male,,0,0,8.1411,S,First,man,False,Southampton,no,True
1,3,male,35.08317234571405,1,5,10.282,S,Third,man,True,Southampton,yes,False
0,2,female,19.348947012833257,0,1,54.7893,S,Second,woman,False,Southampton,no,False
0,3,male,50.74899701694324,0,0,42.8726,C,Third,man,True,Cherbourg,no,True
0,3,female,,0,0,9.5854,S,Third,woman,False,Southampton,no,True
1,3,female,17.773038374770508,1,0,8.4256,C,Third,woman,False,Cherbourg,yes,False
1,2,male,69.70240906427955,0,0,15.6526,S,Second,man,True,Southampton,yes,True
1,3,male,20.4479282354793,1,3,24.6612,S,Third,man,True,Southampton,yes,False
0,1,female,20.23205446763971,1,0,31.1054,S,First,woman,False,Southampton,no,False
0,1,male,10.947255936058886,0,0,20.224,S,First,child,False,Southampton,no,True
0,2,female,18.678415889845184,0,0,14.7759,S,Second,woman,False,Southampton,no,True
1,2,male,25.680844214131696,0,6,42.298,S,Second,man,True,Southampton,yes,False
0,3,male,10.44953715810172,0,0,20.4993,S,Third,child,False,Southampton,no,True
0,3,male,15.920624445598559,0,2,22.8405,S,Third,child,False,Southampton,no,False
1,3,male,57.35302751068184,0,0,12.0237,S,Third,man,True,Southampton,yes,True
0,1,male,15.742455826844301,0,0,50.1141,S,First,child,False,Southampton,no,True
1,3,male,20.334811629904536,0,0,15.5345,S,Third,man,True,Southampton,yes,True
1,1,male,35.5529531526484,0,0,9.6263,S,First,man,True,Southampton,yes,True
1,3,female,37.45272077928519,0,0,7.2497,C,Third,woman,False,Cherbourg,yes,True
0,1,male,21.788964449332433,1,0,8.4093,S,First,man,True,Southampton,no,False
0,3,male,48.82397497322118,0,0,23.564,S,Third,man,True,Southampton,no,True
0,3,male,51.42194936360263,0,2,28.0175,Q,Third,man,True,Queenstown,no,False
0,1,male,,0,0,56.5827,S,First,man,False,Southampton,no,True
1,3,male,13.031239912522574,0,5,23.2367,C,Third,child,False,Cherbourg,yes,False
0,3,male,15.61465538876326,0,0,12.317,Q,Third,child,False,Queenstown,no,True
1,3,male,,0,0,65.5416,S,Third,man,False,Southampton,yes,True
0,3,male,18.386546288119504,0,2,49.1217,S,Third,man,True,Southampton,no,False
1,3,male,18.66350382052272,1,1,9.5326,S,Third,man,True,Southampton,yes,False
0,3,male,26.649683675843434,2,0,5.0585,S,Third,man,True,Southampton,no,False
0,3,male,,0,0,14.2833,S,Third,man,False,Southampton,no,True
0,3,female,38.74748877293538,1,1,1.6737,S,Third,woman,False,Southampton,no,False
1,3,male,,0,1,5.5178,S,Third,man,False,Southampton,yes,False
0,3,female,48.337002189695504,0,1,45.5574,C,Third,woman,False,Cherbourg,no,False
0,2,female,46.408628493203175,0,0,26.9463,S,Second,woman,False,Southampton,no,True
0,1,male,46.97727492840627,1,0,18.942,C,First,man,True,Cherbourg,no,False
0,3,female,21.446250480159485,0,1,23.5273,S,Third,woman,False,Southampton,no,False
1,3,male,,1,0,9.5994,S,Third,man,False,Southampton,yes,False
1,1,female,71.16488804560848,0,0,26.9975,S,First,woman,False,Southampton,yes,True
0,2,male,23.627978941121867,0,0,65.3185,S,Second,man,True,Southampton,no,True
